MUSIC,COOKING,CODING,GRAPHIC DESIGN,FISHING,JOURNALISM,LAW,FOOTBALL,MAGIC,CHESS
Resolution,Bake,Class,Vector,Chum,Angle,Admissible,crossbar,black,black
anthem,Baste,Call,Tracking,Hook,Article,Proceeding,fumble,angle,active
alto,Batch,Command,Alignment,Bait,Attic,Appeal,scrimmage,burn,pin
accent,Beat,Constant,Aperture,artificial,Background,Assets,blitz,bevel,adjournment
accidental,Blend,Event,Arm,backlash,Lead,Assume,down,change,adjudication
acoustic,Blanch,Exception,Ascender,bail,Beat,Bail,audible,palm,adjust
agile,Boil,Flask,Baseline,barb,Bureau,bankrupt,attempt,clean,advantage
arpeggio,Braise,Function,Bleed,barbless,Circulation,bench,back,cold,amateur
baritone,Chop,Input,Bold,bladebait,Column,brief,backfield,confederate,analysis
beam,Deglaze,Iteration,Character,bobber,Contact,trial,blitz,convincer,annotation
beat,Cream,Library,Contrast,braid,Content,proof,block,cooler,arbiter
bend,Dice,Loop,Counter,breaking,,offense,bomb,crimp,arena
binary,Dredge,Nested,Crop marks,bunker,Deck,capital,bootleck,deal,attack
bridge,Drizzle,Object,Crossbar,bucktail,editor,case,box,dirty,attraction
cadence,Fold,Output,Descender,cast,evergreen,file,bust,ditch,automaton
canon,Fry,Package,Display,chunk,exclusive,chamber,cadence,double,backrank
capo,Glaze,Packet,Ellipsis,citation,feature,class,center,effect,battery
canto,Grate,Pixel,Extended,reel,file,claim,chain,flash,bind
coda,Grill,Python,Font,crimp,hook,collateral,checkdown,faro,bishop
conjunct,Knead,Script,Gradient,creel,interview,complaint,clipping,finger,blind
count,Line,Sprint,Grid,deceiver,masthead,confirmation,contain,flourish,blitz
drop,Marinate,Stack,Hex,drag,nutgraf,contract,cornerback,force,blockade
drone,Peel,String,Hierarchy,float,par,conviction,cover,gaff,blocked
dynamic,Paoch,Token,Hook,gaff,pitch,counsel,counter,glimpse,blunder
encore,Pulse,Terminal,Icon,jig,quote,count,cut,gimmick,board
fall,Reduce,Training,Italic,lipping,reporter,court,dead,deck,book
gentile,Refresh,Variable,Joint,lunker,scoop,debt,dive,card,break
grave,Reheat,Cookie,Justified,lure,spike,defend,doink,impromptu,breakthrough
homophony,Roat,editor,Kerning,offshore,story,deposition,down,lapping,brilliancy
jete,Roll,Vector,Leading,pelagic,title,discharge,drive,load,bullet
standard,Sear,Counter,Leg,plug,citation,discovery,dropkick,loop,bust
leap,Simmer,Gradient,Ligature,pole,clipping,prejudice,encroach,locator,bye
skip,Slice,Link,Link,pounding,coverage,docket,facemask,dust,calculate
lent,soak,terminal,logo,action,breaking,equity,field,mark,candidate
lilt,Steam,tracking,lowercase,butt,,evidence,flag,manipulator,capped
medley,Stew,binary,margin,blank,,exemption,flat,mechanic,capture
meter,Sweat,Syntax,monochrome,guide,,defender,flexbone,misdirection,castling
mode,Whisk,check,monospace,weight,,federal,formation,pass,category
modulation,Zest,,widow,crank,,felony,play,peek,center
mordent,Cookie,,orphan,spool,,hearsay,free,pinch,cheapo
movement,scoop,,palette,handle,,impeach,fumble,pull,check
natural,pancake,,pantone,sinker,,indict,goal,raven,checkmate
octave,eat,,pilcrow,skirt,,injunction,guard,riffle,classical
organ,cook,,pixel,dart,,information,gunner,rough,clearance
overture,fork,fork,rag,slack,,insider,halfback,routine,closed
piano,potion,,raster,spinner,,interrogation,hike,run,coffeehouse
plop,,,readability,spoon,,issue,handoff,secret,color
prelude,,,resolution,strike,,judge,holding,silk,colorbound
quasi,,,saturation,stringer,,jury,holder,shell,compensation
reprise,,,scale,structure,,lawsuit,huddle,shill,combination
riff,,,serif,swivel,,lien,hut,shuffle,connected
scale,,,script,tackle,,litigation,illegal,sleeve,consolidation
segue,,,shoulder,teaser,,misdemeanor,interception,sleight,control
sharp,,,slab,tube,,mistrial,interference,slide,cook
shake,,,stem,trolling,,moot,jumbo,slip,counterattack
solo,,,stress,bail,,motion,kick,spread,counterplay
slur,,,stroke,deck,,opinion,juke,steal,cover
sonata,,,swash,,,panel,kicker,switch,cramped
stem,,,symmetry,,,parole,kneel,wand,crush
syncopation,,,terminal,,,petition,kickoff,number,dead
tacet,,,texture,,,plaintiff,lateral,kingdom,decoy
tempo,,,tofu,,,plea,scrimmage,trick,defense
tenor,,,thumbnail,,,precedent,lineman,word,deflection
time,,,tracking,,,priority,coverage,carpet,desperado
timbre,,,uppercase,,,probation,mike,wave,development
transposition,,,vertex,,,procedure,motion,show,diagonal
Pitch,,,cover,,,prosecute,offside,spell,discovered
,,,Marker,,,record,package,Transposition,domination
,,,draw,,,remand,pancake,potion,doubled
,,,,,,reverse,pass,,draw
,,,,,,sanction,pass attempt,,dynamism
,,,,,,sentence,pick,,eat
,,,,,,sequester,play,,edge
,,,,,,settlement,pocket,,endgame
,,,,,,statute,possession,,equalize
,,,,,,subpoena,pulling,,eval
,,,,,,testimony,punt,,exchange
,,,,,,toll,quarterback,,exhibition
,,,,,,tort,reception,,exposed
,,,,,,transcript,return,,fork
,,,,,,transfer,receiver,,file
,,,,,,trustee,reverse,,fish
,,,,,,uphold,rover,,flag
,,,,,,venue,running,,flank
,,,,,,verdict,rush,,forced
,,,,,,warrant,sack,,forfeit
,,,,,,witness,safety,,frame
,,,,,,writ,scramble,,fortress
,,,,,,,secondary,,gambit
,,,,,,,series,,handicap
,,,,,,,shift,,hanging
,,,,,,,shooting,,hole
,,,,,,,side zone,,illegal
,,,,,,,slant,,increment
,,,,,,,slot,,initiative
,,,,,,,snap,,interpose
,,,,,,,sneak,,kick
,,,,,,,spike,,king
,,,,,,,spiral,,knight
,,,,,,,spot,,light
,,,,,,,starter,,lightning
,,,,,,,string,,master
,,,,,,,strip,,match
,,,,,,,stuff,,minority
,,,,,,,stunt,,move
,,,,,,,tackle,,norm
,,,,,,,tailback,,notation
,,,,,,,target,,octopus
,,,,,,,touchdown,,occupation
,,,,,,,trap,,opening
,,,,,,,try,,opposition
,,,,,,,turnover,,outpost
,,,,,,,upback,,pairing
,,,,,,,upman,,passive
,,,,,,,veer,,pawn
,,,,,,,wishbone,,piece
,,,,,,,yardage,,position
,,,,,,,contact,,queen
,,,,,,,,,rank
,,,,,,,,,refute
,,,,,,,,,resign
,,,,,,,,,rook
,,,,,,,,,sacrifice
,,,,,,,,,score
,,,,,,,,,sortie
,,,,,,,,,sound
,,,,,,,,,squeeze
,,,,,,,,,staircase
,,,,,,,,,stalemate
,,,,,,,,,strategy
,,,,,,,,,swap
,,,,,,,,,tabia
,,,,,,,,,tactic
,,,,,,,,,tempo
,,,,,,,,,tension
,,,,,,,,,tournament
,,,,,,,,,trap
,,,,,,,,,triangulation
,,,,,,,,,unclear
,,,,,,,,,undermining
,,,,,,,,,promotion
,,,,,,,,,variation
,,,,,,,,,valve
,,,,,,,,,win
,,,,,,,,,weakness
,,,,,,,,,windmill
,,,,,,,,,wing
,,,,,,,,,winning
,,,,,,,,,wood